Workbook
Name 開發電話: #REF!
Name 業務: #REF!

Sheet 回應
A1: 時間戳記 | B1: 表單填寫人 | C1: 開發１/開發２ | D1: 委託主約編號: | E1: 委託開始 日期 | F1: 委託結束 日期 | G1: 案名 | H1: 物件(完整)地址 | I1: (物件)現況 | J1: 鑰匙位置 | K1: 物件型態 | L1: 契約開價 (萬) | M1: 總建坪 | N1: 室內坪=(主建物+附屬建物) | O1: 地坪 | P1: 增建說明/坪數說明 | Q1: 臨路 (米) | R1: 面寬 (透天*、土地*)必填 | S1: 深度 (土地*)必填 | T1: 使用分區 (土地*)必填 | U1: 建蔽率/容積率 (土地*必填)(透天選填) | V1: 建築完成日期 (房屋*必填) 格式: 082.7.17 | W1: 格局 (房) | X1: 格局 (廳) | Y1: 格局 (衛浴) | Z1: 格局 (陽台) | AA1: 有無電梯 | AB1: 權狀層數＿例如：共１～３樓 | AC1: 透天請寫『現況在１～３樓』 大樓請寫『在６樓』 | AD1: 大樓名稱: | AE1: 電梯數 | AF1: 每層戶數 | AG1: 朝向 [土地朝] | AH1: 朝向 [房屋朝] | AI1: 朝向 [大門朝] | AJ1: 警衛管理 | AK1: 管理費 (月/元) | AL1: 車位 | AM1: 車位型態 | AN1: 車位型態 | AO1: 車位型態 | AP1: 車位型態 | AQ1: 車位型態 | AR1: 車位編號 (如有上下層/地下B請標記) | AS1: 特色說明1. (簡單明瞭，請勿冗長) | AT1: 特色說明2. (簡單明瞭，請勿冗長) | AU1: 特色說明3. (簡單明瞭，請勿冗長) | AV1: 特色說明4. (簡單明瞭，請勿冗長) | AW1: 鄰近國小: | AX1: 鄰近國中: | AY1: 鄰近高中: | AZ1: 鄰近大專: | BA1: 市場/購物: | BB1: 公園綠地: | BC1: 注意事項 | BD1: 當下進案文件 [物件相片] | BE1: 進案文件 [格局圖] | BF1: 進案文件 [現詢調] | BG1: 進案文件 [主約 契約拍照 上傳系統] | BH1: 進案文件 [契變 照片上傳系統] | BI1: 進案文件 [物件照片 上傳系統] | BJ1: 中人(介紹費) | BQ1: 車位型態 | BR1: 車位型態 | BS1: 進案文件 [契變 照片上傳系統]
A2: 2026/7/21 下午 1:41:18 | B2: 柯育婷 | C2: 柯育婷/蔡宇育 | D2: EG0522906 | E2: 115.07.20 | F2: 116.01.31 | G2: 南區水交社優質輕屋齡三房平車 | H2: 台南市南區水交社路26號2樓 | I2: 空屋 | J2: 管理室 | K2: 華厦:10樓含以下(有電梯) | L2: 1480 | M2: 49.82 | N2: 23.46 | O2: 8.346 | P2: 0 | Q2: 8 | R2: . | S2: . | T2: . | U2: . | V2: 107.11.14 | W2: 3房 | X2: 2廳 | Y2: 2衛浴 | Z2: 3陽台 | AA2: 有電梯 | AB2: 7 | AC2: 在2樓 | AD2: 世界好美麗 | AE2: 1 | AF2: 3 | AH2: 北 | AI2: 南 | AJ2: 管理員 | AK2: 2792 | AL2: 有車位+公設內含+固定車位 | AN2: 坡道/平面 | AR2: B3-85號 | AS2: 一層3戶，24小時管理，公設完善齊全，有健身房、兒戲室、閱讀室、垃圾集中室 | AT2: 房間皆開窗，前後陽台採光通風良好，客廳外綠蔭好景 | AU2: 附近：水交社文化園區、體育公園、新光山越生活圈，生活機能優 | AV2: 近86快速道路，南來北往，交通便利 | AW2: 至開實驗國小 | AX2: 大成國中 | BA2: 大成黃昏市場、全聯 | BB2: 水交社公園 | BE2: 『已』傳 " 私Line給"助理 | BF2: 已完成送出 | BG2: 已完成送出 | BH2: 已完成送出 | BI2: 已完成送出 | BJ2: 無
V3: 格式: 082.07.23 | Z3: 顯示: 不知道 | AB3: 共X樓 | AC3: 在X樓
V4: =MID(V2,1,3) -> 107 | Z4: 要刪除 | AB4: 權狀 | AC4: 現況
V5: 1 | Z5: 2 | AB5: 3 | AC5: 4

Sheet 房屋
G1: 物件資料表 送件審核 | S1: =S40 -> 案名:南區水交社優質輕屋齡三房平車 標的物:台南市南區水交社路26號2樓
A3: 台 南 文 化 崇 明 加 盟 店 | S3: 請開發業務填寫檢查以下資訊
A4: 連城不動產開發有限公司 店址:台南市東區崇明路520號 電話:06-3356699 傳真:06-2681166
A6: 案名 | B6: =回應!G2 -> 南區水交社優質輕屋齡三房平車 | N6: 屋址 | O6: =回應!H2 -> 台南市南區水交社路26號2樓
A9: 價格 | B9: 總價: | G9: =回應!L2 -> 1480 | M9: 萬
A13: 面積 | B13: 總建物坪數: | F13: =回應!M2 -> 49.82 | H13: | | I13: 土地坪數: | M13: =回應!O2 -> 8.346 | N13: 物件編號: | Q13: =回應!D2 -> EG0522906
B14: 室內坪數: | F14: =回應!N2 -> 23.46 | H14: |
A16: 增建說明 | B16: =回應!P2 -> 0 | N16: 鑰匙位置: | Q16: =回應!J2 -> 管理室
N17: 物件現況: | Q17: =回應!I2 -> 空屋
A19: 車位 | B19: 車位產權: | F19: =回應!AL2 -> 有車位+公設內含+固定車位 | N19: 國小: | P19: =回應!AW2 -> 至開實驗國小
B20: 車位型態: | F20: =回應!AM2&回應!AN2&回應!AO2&回應!AP2&回應!AQ2 -> 坡道/平面 | H20: | | I20: 車位編號: | M20: =回應!AR2 -> B3-85號 | N20: 國中: | P20: =回應!AX2 -> 大成國中
A22: 基本資料 | B22: 物件類型: | F22: =MID(回應!K2,1,2) -> 華厦 | H22: | | I22: 大樓名稱: | M22: =回應!AD2 -> 世界好美麗 | N22: 高中: | P22: =回應!AY2 -> 0
B23: 每層戶數: | F23: ="共"&回應!AF2&"戶" -> 共3戶 | H23: | | I23: 電梯數: | M23: =回應!AA2&" "&"共"&回應!AE2&"部" -> 有電梯 共1部 | N23: 大專: | P23: =回應!AZ2 -> 0
B24: 管理方式: 管理費: | F24: =回應!AJ2&" "&"$"&回應!AK2 -> 管理員 $2792 | H24: | | I24: 土地 使用分區: | M24: =回應!T2 -> . | N24: 市場: | P24: =回應!BA2 -> 大成黃昏市場、全聯
B25: 格局: | F25: =回應!W2&回應!X2&回應!Y2&回應!Z2 -> 3房2廳2衛浴3陽台 | N25: 公園: | P25: =回應!BB2 -> 水交社公園
B26: 現況樓層: | F26: =回應!AC2 -> 在2樓 | H26: | | I26: 權狀樓別: | M26: =回應!AB2 -> 7 | N26: 物件相片: | Q26: =回應!BD2 -> 0
B27: 建築完成日: | F27: =回應!V2 -> 107.11.14 | H27: | | I27: 屋齡: | M27: =115-回應!V4 -> 8 | N27: 格局圖: | Q27: =回應!BE2 -> 『已』傳 " 私Line給"助理
B28: 座向: | F28: =回應!AG1&回應!AG2 -> 朝向 [土地朝] | I28: =回應!AH1&回應!AH2 -> 朝向 [房屋朝]北 | M28: =回應!AI1&回應!AI2 -> 朝向 [大門朝]南 | N28: 現詢調: | Q28: =回應!BF2 -> 已完成送出
A30: 環境 | B30: 臨路: | F30: =回應!Q2 -> 8 | H30: | | I30: 建蔽/容積: | M30: =回應!U2 -> . | N30: 智能照片: | Q30: =回應!BI2 -> 已完成送出
B31: 面寬: | F31: =回應!R2 -> . | H31: | | I31: 深度: | M31: =回應!S2 -> . | N31: 智能主約: | Q31: =回應!BG2 -> 已完成送出
A33: 重點說明 | B33: 1. | C33: =回應!AS2 -> 一層3戶，24小時管理，公設完善齊全，有健身房、兒戲室、閱讀室、垃圾集中室 | N33: 智能契變: | Q33: =回應!BH2 -> 已完成送出
B34: 2. | C34: =回應!AT2 -> 房間皆開窗，前後陽台採光通風良好，客廳外綠蔭好景 | N34: 帶看注意事項: | R34: =回應!BJ2 -> 無
B35: 3. | C35: =回應!AU2 -> 附近：水交社文化園區、體育公園、新光山越生活圈，生活機能優 | N35: =回應!BC2 -> 0
B36: 4. | C36: =回應!AV2 -> 近86快速道路，南來北往，交通便利
A38: 店東審核 | I38: 開發１／開發2 | O38: 以上資料無誤簽名 | R38: 業務交件日期： 助理收件日期：
I39: =回應!C2 -> 柯育婷/蔡宇育
S40: ="案名:"&回應!G2&" 標的物:"&回應!H2 -> 案名:南區水交社優質輕屋齡三房平車 標的物:台南市南區水交社路26號2樓
A41: ◎以上資訊如有記載錯誤‧一律依地政機關謄本登記簿為準。

Sheet 純土地
G1: 物件資料表 送件審核 | S1: =S38 -> 案名:南區水交社優質輕屋齡三房平車 標的物:台南市南區水交社路26號2樓
A3: 台 南 文 化 崇 明 加 盟 店 | S3: 請開發業務填寫檢查以下資訊
A4: 連城不動產開發有限公司 店址:台南市東區崇明路520號 電話:06-3356699 傳真:06-2681166
A6: 案名 | B6: =回應!G2 -> 南區水交社優質輕屋齡三房平車 | N6: 屋址 | O6: =回應!H2 -> 台南市南區水交社路26號2樓
A9: 價格 | B9: 總價: | G9: =回應!L2 -> 1480 | M9: 萬
A13: 面積 | B13: 土地坪數: | G13: =回應!O2 -> 8.346 | N13: 物件編號: | Q13: =回應!D2 -> EG0522906
A16: 土地資訊 | B16: 使用分區: | G16: =回應!T2 -> . | N16: 鑰匙位置: | Q16: =回應!J2 -> 管理室
N17: 物件現況: | Q17: =回應!I2 -> 空屋
B19: 建蔽率/容積率: | G19: =回應!U2 -> . | N19: 國小: | P19: =回應!AW2 -> 至開實驗國小
B20: 座向: | G20: =回應!AG1&回應!AG2 -> 朝向 [土地朝] | N20: 國中: | P20: =回應!AX2 -> 大成國中
B22: 臨路: | G22: 約 | J22: =回應!Q2 -> 8 | N22: 高中: | P22: =回應!AY2 -> 0
B23: 面寬: | G23: 約 | J23: =回應!R2 -> . | N23: 大專: | P23: =回應!AZ2 -> 0
B24: 深度: | G24: 約 | J24: =回應!S2 -> . | N24: 市場: | P24: =回應!BA2 -> 大成黃昏市場、全聯
A26: 重點說明 | B26: 1. | C26: =回應!AS2 -> 一層3戶，24小時管理，公設完善齊全，有健身房、兒戲室、閱讀室、垃圾集中室 | N26: 公園: | P26: =回應!BB2 -> 水交社公園
N27: 物件相片: | Q27: =回應!BD2 -> 0
B28: 2. | C28: =回應!AT2 -> 房間皆開窗，前後陽台採光通風良好，客廳外綠蔭好景 | N28: 格局圖: | Q28: =回應!BE2 -> 『已』傳 " 私Line給"助理
N29: 智能照片: | Q29: =回應!BI2 -> 已完成送出
B31: 3. | C31: =回應!AU2 -> 附近：水交社文化園區、體育公園、新光山越生活圈，生活機能優 | N31: 帶看注意事項: | R31: =回應!BJ2 -> 無
N32: =回應!BC2&回應!P2 -> 0
B33: 4. | C33: =回應!AV2 -> 近86快速道路，南來北往，交通便利
A36: 店東審核 | I36: 開發１／開發2 | O36: 以上資料無誤簽名 | R36: 業務交件日期： 助理收件日期：
I37: =回應!C2 -> 柯育婷/蔡宇育
S38: ="案名:"&回應!G2&" 標的物:"&回應!H2 -> 案名:南區水交社優質輕屋齡三房平車 標的物:台南市南區水交社路26號2樓
A39: ◎以上資訊如有記載錯誤‧一律依地政機關謄本登記簿為準。

Sheet X
G1: 物件資料表 送件審核
A3: 台 南 文 化 崇 明 加 盟 店
A4: 連城不動產開發有限公司 店址:台南市東區崇明路520號 電話:06-3356699 傳真:06-2681166
A6: 案名 | B6: =回應!H2 -> 台南市南區水交社路26號2樓 | N6: 屋址 | O6: =回應!I2 -> 空屋
A9: 價格 | B9: 總價: | G9: =回應!M2 -> 49.82 | M9: 萬
A13: 面積 | B13: 總建物坪數: | F13: =回應!N2 -> 23.46 | H13: | | I13: 土地坪數: | M13: =回應!P2 -> 0 | N13: 物件編號: | Q13: =回應!D2 -> EG0522906 | Z13: ="建物權狀 ："&回應!BE2 -> 建物權狀 ：『已』傳 " 私Line給"助理
B14: 室內坪數: | F14: =回應!O2 -> 8.346 | H14: | | Z14: ="土地權狀 ："&回應!BF2 -> 土地權狀 ：已完成送出
A16: 增建說明 | B16: =回應!Q2 -> 8 | N16: 鑰匙位置: | Q16: =回應!K2 -> 華厦:10樓含以下(有電梯)
N17: 物件現況: | Q17: =回應!J2 -> 管理室
A19: 車位 | B19: 車位型態: | F19: =回應!AM2 -> 0 | N19: 國小: | P19: =回應!AU2 -> 附近：水交社文化園區、體育公園、新光山越生活圈，生活機能優
B20: 車位型態: | F20: =回應!AN2&回應!AO2&回應!BP2&回應!BQ2&回應!BR2 -> 坡道/平面 | H20: | | I20: 車位編號: | M20: =回應!AP2 -> 0 | N20: 國中: | P20: =回應!AV2 -> 近86快速道路，南來北往，交通便利 | Z20: ="契變ED編號: "&回應!G2 -> 契變ED編號: 南區水交社優質輕屋齡三房平車
A22: 基本資料 | B22: 物件類型: | F22: =MID(回應!L2,1,2) -> 14 | H22: | | I22: 大樓名稱: | M22: =回應!AE2 -> 1 | N22: 高中: | P22: =回應!AW2 -> 至開實驗國小
B23: 每層戶數: | F23: ="共"&回應!AG2&"戶" -> 共戶 | H23: | | I23: 電梯數: | M23: =回應!AB2&" "&"共"&回應!AF2&"部" -> 7 共3部 | N23: 大專: | P23: =回應!AX2 -> 大成國中
B24: 管理方式: 管理費: | F24: =回應!AK2&" "&"$"&回應!AL2 -> 2792 $有車位+公設內含+固定車位 | H24: | | I24: 土地 使用分區: | M24: =回應!U2 -> . | N24: 市場: | P24: =回應!AY2 -> 0 | Z24: =回應!BK2 -> 0
B25: 格局: | F25: =回應!X2&回應!Y2&回應!Z2&回應!AA2 -> 2廳2衛浴3陽台有電梯 | N25: 公園: | P25: =回應!AZ2 -> 0
B26: 樓層: | F26: =回應!AD2 -> 世界好美麗 | H26: | | I26: 權狀樓別: | M26: =回應!AC2 -> 在2樓 | N26: 物件相片: | Q26: =回應!BC2 -> 0
B27: 建築完成日: | F27: =回應!W2 -> 3房 | H27: | | I27: 屋齡: | M27: =113-回應!V4 -> 6 | N27: 格局圖: | Q27: =回應!BD2 -> 0
B28: 座向: | F28: =回應!AH1&回應!AH2 -> 朝向 [房屋朝]北 | I28: =回應!AI1&回應!AI2 -> 朝向 [大門朝]南 | M28: =回應!AJ1&回應!AJ2 -> 警衛管理管理員 | N28: 現詢調: | Q28: =回應!BG2 -> 已完成送出 | AA28: "底價"業務回應表單:
A30: 環境 | B30: 臨路: | F30: =回應!R2 -> . | H30: | | I30: 建蔽/容積: | M30: =回應!V2 -> 107.11.14 | N30: 智能照片: | Q30: =回應!BI2 -> 已完成送出 | AA30: =回應!BL2 -> 0
B31: 面寬: | F31: =回應!S2 -> . | H31: | | I31: 深度: | M31: =回應!T2 -> . | N31: 智能契約: | Q31: =回應!BH2 -> 已完成送出 | AC31: 底價: | AD31: =回應!BN2&"萬" -> 萬
A34: 重點說明 | B34: 1. | C34: =回應!AQ2 -> 0 | N34: 帶看注意事項: | R34: =回應!BA1&回應!BA2 -> 市場/購物:大成黃昏市場、全聯 | AA34: "%數"業務回應表單:
B35: 2. | C35: =回應!AR2 -> B3-85號 | N35: =回應!BB2 -> 水交社公園 | AA35: =回應!BO2 -> 0
B36: 3. | C36: =回應!AS2 -> 一層3戶，24小時管理，公設完善齊全，有健身房、兒戲室、閱讀室、垃圾集中室 | AC36: %數: | AD36: =回應!BM2 -> 0
B37: 4. | C37: =回應!AT2 -> 房間皆開窗，前後陽台採光通風良好，客廳外綠蔭好景
AA38: "中人"業務回應表單:
A39: 店東審核 | I39: 開發１／開發2 | O39: 以上資料無誤簽名 | R39: 業務交件： 助理收件：
I40: =回應!C2 -> 柯育婷/蔡宇育 | AB40: 中人: | AC40: =回應!BA2 -> 大成黃昏市場、全聯
A42: ◎以上資訊如有記載錯誤‧一律依地政機關謄本登記簿為準。
